Owner Id,Owner Name,Owner Phone,Owner Image
13,Dale Thomas,91607945198,https://randomuser.me/api/portraits/men/27.jpg
83,Matthew Lawson,91652265939,https://randomuser.me/api/portraits/men/12.jpg
9,Gina Gomez,91593879295,https://randomuser.me/api/portraits/men/69.jpg
171,Matthew Lawrence,91660583411,https://randomuser.me/api/portraits/men/93.jpg
8,Victor Evans,91578800242,https://randomuser.me/api/portraits/men/81.jpg
5,Joshua Leblanc,91860807756,https://randomuser.me/api/portraits/men/56.jpg
250,Michael Wilson,91583370056,https://randomuser.me/api/portraits/men/71.jpg
175,Kristy Simon,91840606105,https://randomuser.me/api/portraits/men/15.jpg
40,Natalie Gomez,91505734943,https://randomuser.me/api/portraits/men/57.jpg
69,Peter Johnson,91826924073,https://randomuser.me/api/portraits/women/64.jpg
240,Jose Guzman,91502621266,https://randomuser.me/api/portraits/women/55.jpg
36,Adam Thompson,91874087909,https://randomuser.me/api/portraits/men/61.jpg
,Kyle Butler,91500299037,https://randomuser.me/api/portraits/men/95.jpg
110,Charles Bass,91509170047,https://randomuser.me/api/portraits/men/38.jpg
256,Hannah George,91625613728,https://randomuser.me/api/portraits/men/10.jpg
2,Lori Harmon,91635090805,https://randomuser.me/api/portraits/men/52.jpg
241,Victoria Jones,91751787416,https://randomuser.me/api/portraits/women/82.jpg
142,Lisa Solomon,91766714803,https://randomuser.me/api/portraits/men/60.jpg
115,Samantha Brown,91885354170,https://randomuser.me/api/portraits/men/47.jpg
314,Anna Hart,91728879861,https://randomuser.me/api/portraits/women/53.jpg
243,Joseph Schwartz,91721215718,https://randomuser.me/api/portraits/men/68.jpg
147,Anthony Ramirez,91601577899,https://randomuser.me/api/portraits/women/5.jpg
71,Erin Anderson,91801394673,https://randomuser.me/api/portraits/men/10.jpg
1,Kristen Torres,91684265657,https://randomuser.me/api/portraits/women/23.jpg
10,James Campbell,91716940085,https://randomuser.me/api/portraits/women/77.jpg
89,Michelle Tyler,91601311979,https://randomuser.me/api/portraits/women/58.jpg
7,Ryan Carlson,91720383718,https://randomuser.me/api/portraits/men/39.jpg
15,Joseph Peterson,91511529930,https://randomuser.me/api/portraits/women/73.jpg
28,Daniel Howell,91884892851,https://randomuser.me/api/portraits/men/34.jpg
12,Krystal Dickerson,91838160708,https://randomuser.me/api/portraits/women/18.jpg
20,Erica Horton,91643907699,https://randomuser.me/api/portraits/men/49.jpg
3,John Wright,91761524210,https://randomuser.me/api/portraits/men/91.jpg
6,David Carney,91829834456,https://randomuser.me/api/portraits/women/35.jpg
4,Jermaine Hill,91629266069,https://randomuser.me/api/portraits/men/14.jpg
14,Mitchell Weeks,91708732589,https://randomuser.me/api/portraits/women/48.jpg
74,Jamie Patterson,91666703465,https://randomuser.me/api/portraits/men/36.jpg
11,George Haley,91860085174,https://randomuser.me/api/portraits/men/80.jpg